epoch,train_loss,val_loss,val_acc
1,0.24459697459031035,0.10741577660044034,0.9665
2,0.06606237327859357,0.07470865213871002,0.975
3,0.04747634125859649,0.05040605492889881,0.9846666666666667
4,0.037326680558975096,0.05223452958712975,0.983
5,0.029754658596935095,0.04799217529098193,0.9846666666666667
6,0.025621761231407247,0.04386885727196932,0.9866666666666667
7,0.0197882429576065,0.040549553921756645,0.9885
8,0.017342213131556355,0.039754916715901346,0.988
9,0.01491583565473384,0.036481022630197306,0.9881666666666666
10,0.011795009030964813,0.040661695373555025,0.9886666666666667
11,0.00994076833452305,0.04582050578897664,0.9873333333333333
12,0.00926684448836022,0.049847854487908384,0.9873333333333333
13,0.008786217888612386,0.05245956319159207,0.9873333333333333
