seed,val_accuracy,val_loss,test_accuracy,macro_f1,training_time_sec,n_trainable_params,best_epoch,epochs_ran,prediction_file,history_file
7,0.989,0.038708802725343654,0.9896,0.9894979795380945,307.8547604084015,105866,10,14,./results_comparativa_3_modelos/predictions_cnn/final_cnn_seed7.npz,./results_comparativa_3_modelos/histories_cnn/history_cnn_seed7.csv
11,0.989,0.03259778668234746,0.99,0.9898941661378803,216.14960980415344,105866,7,11,./results_comparativa_3_modelos/predictions_cnn/final_cnn_seed11.npz,./results_comparativa_3_modelos/histories_cnn/history_cnn_seed11.csv
17,0.9895,0.037631053690100086,0.9893,0.9891820255737225,298.6529312133789,105866,11,15,./results_comparativa_3_modelos/predictions_cnn/final_cnn_seed17.npz,./results_comparativa_3_modelos/histories_cnn/history_cnn_seed17.csv
31,0.9883333333333333,0.03737508409284055,0.9895,0.9894114062535186,179.866760969162,105866,5,9,./results_comparativa_3_modelos/predictions_cnn/final_cnn_seed31.npz,./results_comparativa_3_modelos/histories_cnn/history_cnn_seed31.csv
73,0.9886666666666667,0.03952317955220739,0.9877,0.987603683655108,254.51686000823975,105866,9,13,./results_comparativa_3_modelos/predictions_cnn/final_cnn_seed73.npz,./results_comparativa_3_modelos/histories_cnn/history_cnn_seed73.csv
99,0.9888333333333333,0.03774005273620908,0.9884,0.9882829801189039,215.74815964698792,105866,7,11,./results_comparativa_3_modelos/predictions_cnn/final_cnn_seed99.npz,./results_comparativa_3_modelos/histories_cnn/history_cnn_seed99.csv
256,0.9885,0.03937676432018634,0.9898,0.9897586955855117,296.4150278568268,105866,14,15,./results_comparativa_3_modelos/predictions_cnn/final_cnn_seed256.npz,./results_comparativa_3_modelos/histories_cnn/history_cnn_seed256.csv
314,0.9875,0.03662641213896374,0.9894,0.9892593611246371,275.52878403663635,105866,10,14,./results_comparativa_3_modelos/predictions_cnn/final_cnn_seed314.npz,./results_comparativa_3_modelos/histories_cnn/history_cnn_seed314.csv
512,0.9888333333333333,0.0359235559576191,0.9906,0.9905416206619521,214.34140706062317,105866,7,11,./results_comparativa_3_modelos/predictions_cnn/final_cnn_seed512.npz,./results_comparativa_3_modelos/histories_cnn/history_cnn_seed512.csv
777,0.9883333333333333,0.036443433520694575,0.989,0.9888964533728801,212.86788082122803,105866,6,10,./results_comparativa_3_modelos/predictions_cnn/final_cnn_seed777.npz,./results_comparativa_3_modelos/histories_cnn/history_cnn_seed777.csv
1001,0.9888333333333333,0.03426093038544059,0.9892,0.989089392131201,197.52448916435242,105866,6,10,./results_comparativa_3_modelos/predictions_cnn/final_cnn_seed1001.npz,./results_comparativa_3_modelos/histories_cnn/history_cnn_seed1001.csv
2025,0.9881666666666666,0.036481022630197306,0.9903,0.9902426276233752,256.0820679664612,105866,9,13,./results_comparativa_3_modelos/predictions_cnn/final_cnn_seed2025.npz,./results_comparativa_3_modelos/histories_cnn/history_cnn_seed2025.csv
