seed,model,digit,precision,recall,f1,support
7,HybridModel,0,0.9508357915437562,0.986734693877551,0.9684526790185278,980
7,HybridModel,1,0.9720034995625547,0.9788546255506608,0.9754170324846356,1135
7,HybridModel,2,0.9572400388726919,0.9544573643410853,0.9558466763706939,1032
7,HybridModel,3,0.9238187078109933,0.9485148514851485,0.9360039081582804,1010
7,HybridModel,4,0.9541088580576307,0.9103869653767821,0.931735278791037,982
7,HybridModel,5,0.9151785714285714,0.9192825112107623,0.9172259507829977,892
7,HybridModel,6,0.947584789311408,0.9624217118997912,0.9549456240290005,958
7,HybridModel,7,0.9656218402426694,0.9289883268482491,0.946950917203768,1028
7,HybridModel,8,0.9413020277481323,0.9055441478439425,0.9230769230769231,974
7,HybridModel,9,0.9097888675623801,0.9395441030723488,0.92442710872745,1009
7,ClassicalEquivalentModel,0,0.946236559139785,0.9877551020408163,0.9665501747378932,980
7,ClassicalEquivalentModel,1,0.9807524059492564,0.9876651982378855,0.9841966637401229,1135
7,ClassicalEquivalentModel,2,0.9781746031746031,0.9554263565891473,0.9666666666666667,1032
7,ClassicalEquivalentModel,3,0.9578844270323212,0.9683168316831683,0.9630723781388478,1010
7,ClassicalEquivalentModel,4,0.9585439838220424,0.9653767820773931,0.9619482496194824,982
7,ClassicalEquivalentModel,5,0.9594137542277339,0.9540358744394619,0.9567172568858909,892
7,ClassicalEquivalentModel,6,0.9488752556237219,0.9686847599164927,0.9586776859504132,958
7,ClassicalEquivalentModel,7,0.9521531100478469,0.9678988326848249,0.9599614085865895,1028
7,ClassicalEquivalentModel,8,0.9732334047109208,0.9332648870636551,0.9528301886792453,974
7,ClassicalEquivalentModel,9,0.9691358024691358,0.933597621407334,0.9510348308934882,1009
7,SimpleCNNBaseline,0,0.9888663967611336,0.996938775510204,0.9928861788617886,980
7,SimpleCNNBaseline,1,0.9921259842519685,0.9991189427312775,0.9956101843722563,1135
7,SimpleCNNBaseline,2,0.9903288201160542,0.9922480620155039,0.9912875121006777,1032
7,SimpleCNNBaseline,3,0.9901380670611439,0.994059405940594,0.9920948616600791,1010
7,SimpleCNNBaseline,4,0.9908256880733946,0.9898167006109979,0.9903209373408048,982
7,SimpleCNNBaseline,5,0.9931972789115646,0.9820627802690582,0.9875986471251409,892
7,SimpleCNNBaseline,6,0.9947368421052631,0.9864300626304802,0.9905660377358491,958
7,SimpleCNNBaseline,7,0.9902152641878669,0.9844357976653697,0.9873170731707317,1028
7,SimpleCNNBaseline,8,0.9768611670020121,0.9969199178644764,0.9867886178861789,974
7,SimpleCNNBaseline,9,0.9889112903225806,0.9722497522299306,0.9805097451274363,1009
11,HybridModel,0,0.967741935483871,0.9795918367346939,0.973630831643002,980
11,HybridModel,1,0.9798598949211909,0.9859030837004406,0.9828722002635046,1135
11,HybridModel,2,0.967479674796748,0.9224806201550387,0.9444444444444444,1032
11,HybridModel,3,0.9194956353055286,0.9386138613861386,0.9289563939245468,1010
11,HybridModel,4,0.9628482972136223,0.9501018329938901,0.9564325986673501,982
11,HybridModel,5,0.9150622876557192,0.905829596412556,0.9104225352112676,892
11,HybridModel,6,0.9350253807106599,0.9613778705636743,0.9480185280494081,958
11,HybridModel,7,0.9561830574488802,0.9552529182879378,0.9557177615571776,1028
11,HybridModel,8,0.946524064171123,0.9086242299794661,0.927187008905186,974
11,HybridModel,9,0.9096958174904943,0.9484638255698712,0.9286754002911208,1009
11,ClassicalEquivalentModel,0,0.9863445378151261,0.9581632653061225,0.9720496894409938,980
11,ClassicalEquivalentModel,1,0.9737991266375546,0.9823788546255506,0.9780701754385965,1135
11,ClassicalEquivalentModel,2,0.9661691542288557,0.9408914728682171,0.9533627884143349,1032
11,ClassicalEquivalentModel,3,0.9362745098039216,0.9455445544554455,0.9408866995073891,1010
11,ClassicalEquivalentModel,4,0.9767441860465116,0.9409368635437881,0.9585062240663901,982
11,ClassicalEquivalentModel,5,0.9052287581699346,0.9316143497757847,0.918232044198895,892
11,ClassicalEquivalentModel,6,0.9254170755642787,0.9843423799582464,0.9539706626201315,958
11,ClassicalEquivalentModel,7,0.9385052034058656,0.9649805447470817,0.951558752997602,1028
11,ClassicalEquivalentModel,8,0.9358452138492872,0.9435318275154004,0.9396728016359919,974
11,ClassicalEquivalentModel,9,0.9581589958158996,0.9078295341922695,0.9323155216284987,1009
11,SimpleCNNBaseline,0,0.9799196787148594,0.9959183673469387,0.9878542510121457,980
11,SimpleCNNBaseline,1,0.9947322212467077,0.9982378854625551,0.9964819700967458,1135
11,SimpleCNNBaseline,2,0.9921875,0.9844961240310077,0.9883268482490273,1032
11,SimpleCNNBaseline,3,0.9891732283464567,0.995049504950495,0.9921026653504442,1010
11,SimpleCNNBaseline,4,0.9918533604887984,0.9918533604887984,0.9918533604887984,982
11,SimpleCNNBaseline,5,0.9954545454545455,0.9820627802690582,0.9887133182844243,892
11,SimpleCNNBaseline,6,0.9916230366492147,0.988517745302714,0.9900679560899112,958
11,SimpleCNNBaseline,7,0.9951028403525954,0.9883268482490273,0.9917032698877501,1028
11,SimpleCNNBaseline,8,0.9827235772357723,0.9928131416837782,0.9877425944841676,974
11,SimpleCNNBaseline,9,0.9870388833499502,0.981169474727453,0.9840954274353877,1009
17,HybridModel,0,0.9458128078817734,0.9795918367346939,0.9624060150375939,980
17,HybridModel,1,0.977292576419214,0.9859030837004406,0.9815789473684211,1135
17,HybridModel,2,0.9498031496062992,0.935077519379845,0.9423828125,1032
17,HybridModel,3,0.8976958525345622,0.9643564356435643,0.9298329355608592,1010
17,HybridModel,4,0.9403437815975733,0.9470468431771895,0.943683409436834,982
17,HybridModel,5,0.9472450175849941,0.905829596412556,0.9260744985673353,892
17,HybridModel,6,0.954118873826903,0.9551148225469729,0.9546165884194053,958
17,HybridModel,7,0.9694811800610377,0.9270428015564203,0.9477871705619095,1028
17,HybridModel,8,0.9381443298969072,0.9342915811088296,0.9362139917695473,974
17,HybridModel,9,0.9461928934010152,0.9236868186323092,0.9348044132397192,1009
17,ClassicalEquivalentModel,0,0.9735503560528993,0.976530612244898,0.9750382068262863,980
17,ClassicalEquivalentModel,1,0.9816272965879265,0.9885462555066079,0.9850746268656716,1135
17,ClassicalEquivalentModel,2,0.9541984732824428,0.9689922480620154,0.9615384615384616,1032
17,ClassicalEquivalentModel,3,0.9569569569569569,0.9465346534653465,0.9517172722747635,1010
17,ClassicalEquivalentModel,4,0.9541375872382851,0.9745417515274949,0.9642317380352645,982
17,ClassicalEquivalentModel,5,0.9515765765765766,0.9473094170403588,0.949438202247191,892
17,ClassicalEquivalentModel,6,0.9710610932475884,0.9457202505219207,0.958223162347964,958
17,ClassicalEquivalentModel,7,0.9749247743229689,0.9455252918287937,0.96,1028
17,ClassicalEquivalentModel,8,0.9368104312938816,0.9589322381930184,0.9477422628107559,974
17,ClassicalEquivalentModel,9,0.9573835480673935,0.9573835480673935,0.9573835480673935,1009
17,SimpleCNNBaseline,0,0.9958974358974358,0.9908163265306122,0.9933503836317136,980
17,SimpleCNNBaseline,1,0.9947089947089947,0.9938325991189427,0.9942706037902159,1135
17,SimpleCNNBaseline,2,0.9960822722820764,0.9854651162790697,0.990745250852411,1032
17,SimpleCNNBaseline,3,0.9910802775024777,0.9900990099009901,0.9905894006934126,1010
17,SimpleCNNBaseline,4,0.9878419452887538,0.9928716904276986,0.9903504316912138,982
17,SimpleCNNBaseline,5,0.9757174392935982,0.9910313901345291,0.9833147942157954,892
17,SimpleCNNBaseline,6,0.9978768577494692,0.9812108559498957,0.9894736842105263,958
17,SimpleCNNBaseline,7,0.9798850574712644,0.995136186770428,0.9874517374517374,1028
17,SimpleCNNBaseline,8,0.9846625766871165,0.9887063655030801,0.9866803278688525,974
17,SimpleCNNBaseline,9,0.9880478087649402,0.9831516352824579,0.9855936413313463,1009
31,HybridModel,0,0.9825462012320328,0.976530612244898,0.9795291709314228,980
31,HybridModel,1,0.9770318021201413,0.9744493392070485,0.9757388619320688,1135
31,HybridModel,2,0.9585798816568047,0.9418604651162791,0.9501466275659824,1032
31,HybridModel,3,0.8926605504587156,0.9633663366336633,0.9266666666666666,1010
31,HybridModel,4,0.9330669330669331,0.9511201629327902,0.9420070600100857,982
31,HybridModel,5,0.957345971563981,0.905829596412556,0.9308755760368663,892
31,HybridModel,6,0.9707112970711297,0.9686847599164927,0.9696969696969697,958
31,HybridModel,7,0.9484936831875608,0.9494163424124513,0.948954788526981,1028
31,HybridModel,8,0.9276248725790011,0.9342915811088296,0.9309462915601023,974
31,HybridModel,9,0.9356486210418795,0.9078295341922695,0.9215291750503019,1009
31,ClassicalEquivalentModel,0,0.9564787339268052,0.986734693877551,0.9713711702661979,980
31,ClassicalEquivalentModel,1,0.9849955869373345,0.9832599118942731,0.9841269841269841,1135
31,ClassicalEquivalentModel,2,0.9675834970530451,0.9544573643410853,0.9609756097560975,1032
31,ClassicalEquivalentModel,3,0.9566929133858267,0.9623762376237623,0.9595261599210266,1010
31,ClassicalEquivalentModel,4,0.9662921348314607,0.9633401221995926,0.9648138704742478,982
31,ClassicalEquivalentModel,5,0.9556818181818182,0.9428251121076233,0.9492099322799097,892
31,ClassicalEquivalentModel,6,0.9712765957446808,0.9530271398747391,0.9620653319283456,958
31,ClassicalEquivalentModel,7,0.9522900763358778,0.9708171206225681,0.9614643545279383,1028
31,ClassicalEquivalentModel,8,0.9595854922279793,0.9507186858316222,0.9551315110881898,974
31,ClassicalEquivalentModel,9,0.9425742574257425,0.9435084241823588,0.9430411094601288,1009
31,SimpleCNNBaseline,0,0.9918616480162767,0.9948979591836735,0.9933774834437086,980
31,SimpleCNNBaseline,1,0.9955985915492958,0.9964757709251101,0.9960369881109643,1135
31,SimpleCNNBaseline,2,0.976280834914611,0.997093023255814,0.9865771812080537,1032
31,SimpleCNNBaseline,3,0.9891304347826086,0.9910891089108911,0.990108803165183,1010
31,SimpleCNNBaseline,4,0.9868554095045501,0.9938900203665988,0.9903602232369355,982
31,SimpleCNNBaseline,5,0.9854586129753915,0.9876681614349776,0.986562150055991,892
31,SimpleCNNBaseline,6,0.9957850368809273,0.9864300626304802,0.9910854745673833,958
31,SimpleCNNBaseline,7,0.9940769990128332,0.9795719844357976,0.9867711905928467,1028
31,SimpleCNNBaseline,8,0.9897013388259527,0.9866529774127311,0.9881748071979435,974
31,SimpleCNNBaseline,9,0.98998998998999,0.9801783944499505,0.9850597609561753,1009
73,HybridModel,0,0.9823468328141225,0.9653061224489796,0.9737519300051467,980
73,HybridModel,1,0.9858156028368794,0.9797356828193833,0.9827662395050818,1135
73,HybridModel,2,0.9422700587084148,0.9331395348837209,0.937682570593963,1032
73,HybridModel,3,0.9467213114754098,0.9148514851485149,0.9305135951661632,1010
73,HybridModel,4,0.95496417604913,0.9501018329938901,0.9525267993874426,982
73,HybridModel,5,0.9027777777777778,0.9473094170403588,0.9245076586433261,892
73,HybridModel,6,0.9423868312757202,0.9561586638830898,0.9492227979274611,958
73,HybridModel,7,0.9657258064516129,0.9319066147859922,0.9485148514851485,1028
73,HybridModel,8,0.9054726368159204,0.9342915811088296,0.9196563921172309,974
73,HybridModel,9,0.924198250728863,0.9425173439048563,0.9332679097154073,1009
73,ClassicalEquivalentModel,0,0.9651046859421735,0.9877551020408163,0.9762985375693394,980
73,ClassicalEquivalentModel,1,0.9689922480620154,0.9911894273127754,0.9799651567944251,1135
73,ClassicalEquivalentModel,2,0.9722222222222222,0.9496124031007752,0.9607843137254902,1032
73,ClassicalEquivalentModel,3,0.9640718562874252,0.9564356435643564,0.9602385685884692,1010
73,ClassicalEquivalentModel,4,0.9566532258064516,0.9663951120162932,0.961499493414387,982
73,ClassicalEquivalentModel,5,0.9418994413407821,0.945067264573991,0.9434806939003917,892
73,ClassicalEquivalentModel,6,0.9432048681541582,0.9707724425887265,0.9567901234567902,958
73,ClassicalEquivalentModel,7,0.9799398194583752,0.9503891050583657,0.9649382716049383,1028
73,ClassicalEquivalentModel,8,0.9486652977412731,0.9486652977412731,0.9486652977412731,974
73,ClassicalEquivalentModel,9,0.9694501018329938,0.9435084241823588,0.9563033651431442,1009
73,SimpleCNNBaseline,0,0.9828801611278952,0.9959183673469387,0.9893563101875317,980
73,SimpleCNNBaseline,1,0.9921190893169878,0.9982378854625551,0.9951690821256038,1135
73,SimpleCNNBaseline,2,0.9912195121951219,0.9844961240310077,0.9878463782207098,1032
73,SimpleCNNBaseline,3,0.9930139720558883,0.9851485148514851,0.989065606361829,1010
73,SimpleCNNBaseline,4,0.9897750511247444,0.9857433808553971,0.9877551020408163,982
73,SimpleCNNBaseline,5,0.9843575418994414,0.9876681614349776,0.9860100727476218,892
73,SimpleCNNBaseline,6,0.997874601487779,0.9801670146137788,0.9889415481832543,958
73,SimpleCNNBaseline,7,0.9732824427480916,0.9922178988326849,0.9826589595375722,1028
73,SimpleCNNBaseline,8,0.9826883910386965,0.9907597535934292,0.9867075664621677,974
73,SimpleCNNBaseline,9,0.9899396378269618,0.9752229930624381,0.982526210683974,1009
99,HybridModel,0,0.9536489151873767,0.986734693877551,0.9699097291875627,980
99,HybridModel,1,0.9866310160427807,0.9753303964757709,0.9809481612760301,1135
99,HybridModel,2,0.9350282485875706,0.9622093023255814,0.9484240687679083,1032
99,HybridModel,3,0.9264705882352942,0.9356435643564357,0.9310344827586207,1010
99,HybridModel,4,0.9239881539980257,0.9531568228105907,0.9383458646616541,982
99,HybridModel,5,0.9363207547169812,0.8901345291479821,0.9126436781609195,892
99,HybridModel,6,0.9507692307692308,0.9676409185803758,0.959130884635282,958
99,HybridModel,7,0.9345524542829644,0.9445525291828794,0.9395258829221094,1028
99,HybridModel,8,0.944386149003148,0.9240246406570842,0.934094447327452,974
99,HybridModel,9,0.9318658280922432,0.8810703666997026,0.9057564951604686,1009
99,ClassicalEquivalentModel,0,0.9628514056224899,0.9785714285714285,0.9706477732793523,980
99,ClassicalEquivalentModel,1,0.9893805309734514,0.9850220264317181,0.98719646799117,1135
99,ClassicalEquivalentModel,2,0.9300184162062615,0.9786821705426356,0.9537299338999056,1032
99,ClassicalEquivalentModel,3,0.9455252918287937,0.9623762376237623,0.9538763493621197,1010
99,ClassicalEquivalentModel,4,0.948,0.9653767820773931,0.9566094853683148,982
99,ClassicalEquivalentModel,5,0.963572267920094,0.9192825112107623,0.9409064830751578,892
99,ClassicalEquivalentModel,6,0.9803063457330415,0.9352818371607515,0.9572649572649573,958
99,ClassicalEquivalentModel,7,0.962671905697446,0.953307392996109,0.9579667644183774,1028
99,ClassicalEquivalentModel,8,0.9511434511434511,0.9394250513347022,0.9452479338842975,974
99,ClassicalEquivalentModel,9,0.9507389162561576,0.956392467789891,0.9535573122529645,1009
99,SimpleCNNBaseline,0,0.9848637739656912,0.9959183673469387,0.9903602232369355,980
99,SimpleCNNBaseline,1,0.9955947136563876,0.9955947136563876,0.9955947136563876,1135
99,SimpleCNNBaseline,2,0.9941060903732809,0.9806201550387597,0.9873170731707317,1032
99,SimpleCNNBaseline,3,0.9920079920079921,0.9831683168316832,0.9875683739433118,1010
99,SimpleCNNBaseline,4,0.9928716904276986,0.9928716904276986,0.9928716904276986,982
99,SimpleCNNBaseline,5,0.9778761061946902,0.9910313901345291,0.9844097995545658,892
99,SimpleCNNBaseline,6,0.9968253968253968,0.9832985386221295,0.9900157645822386,958
99,SimpleCNNBaseline,7,0.9844961240310077,0.9883268482490273,0.9864077669902913,1028
99,SimpleCNNBaseline,8,0.9806122448979592,0.9866529774127311,0.9836233367451381,974
99,SimpleCNNBaseline,9,0.983201581027668,0.9861248761149654,0.9846610588817417,1009
256,HybridModel,0,0.9532338308457712,0.9775510204081632,0.9652392947103274,980
256,HybridModel,1,0.9645635263612792,0.9832599118942731,0.9738219895287958,1135
256,HybridModel,2,0.9739854318418314,0.9069767441860465,0.9392875062719518,1032
256,HybridModel,3,0.9331366764995084,0.9396039603960396,0.9363591514553528,1010
256,HybridModel,4,0.9647302904564315,0.9470468431771895,0.9558067831449126,982
256,HybridModel,5,0.9308390022675737,0.9204035874439462,0.9255918827508456,892
256,HybridModel,6,0.9439918533604889,0.9676409185803758,0.9556701030927836,958
256,HybridModel,7,0.9497098646034816,0.9552529182879378,0.9524733268671193,1028
256,HybridModel,8,0.8984375,0.944558521560575,0.9209209209209209,974
256,HybridModel,9,0.9599589322381931,0.9266600594648167,0.9430156328794755,1009
256,ClassicalEquivalentModel,0,0.9757575757575757,0.9857142857142858,0.9807106598984772,980
256,ClassicalEquivalentModel,1,0.9722943722943723,0.9894273127753304,0.9807860262008734,1135
256,ClassicalEquivalentModel,2,0.9640077821011673,0.9602713178294574,0.962135922330097,1032
256,ClassicalEquivalentModel,3,0.9335863377609108,0.9742574257425742,0.9534883720930233,1010
256,ClassicalEquivalentModel,4,0.9641025641025641,0.9572301425661914,0.9606540623403168,982
256,ClassicalEquivalentModel,5,0.9519553072625698,0.9551569506726457,0.9535534415221041,892
256,ClassicalEquivalentModel,6,0.9624608967674662,0.9634655532359081,0.9629629629629629,958
256,ClassicalEquivalentModel,7,0.968222442899702,0.9484435797665369,0.9582309582309583,1028
256,ClassicalEquivalentModel,8,0.9589322381930184,0.9589322381930184,0.9589322381930184,974
256,ClassicalEquivalentModel,9,0.9719626168224299,0.9276511397423192,0.949290060851927,1009
256,SimpleCNNBaseline,0,0.9898785425101214,0.9979591836734694,0.9939024390243902,980
256,SimpleCNNBaseline,1,0.9938434476693052,0.9955947136563876,0.9947183098591549,1135
256,SimpleCNNBaseline,2,0.9864341085271318,0.9864341085271318,0.9864341085271318,1032
256,SimpleCNNBaseline,3,0.9949849548645938,0.9821782178217822,0.9885401096163428,1010
256,SimpleCNNBaseline,4,0.9948822927328557,0.9898167006109979,0.9923430321592649,982
256,SimpleCNNBaseline,5,0.9833518312985572,0.9932735426008968,0.9882877858337981,892
256,SimpleCNNBaseline,6,0.9947423764458465,0.9874739039665971,0.9910948140387638,958
256,SimpleCNNBaseline,7,0.9826254826254827,0.9902723735408561,0.9864341085271318,1028
256,SimpleCNNBaseline,8,0.9917440660474717,0.9866529774127311,0.9891919711785898,974
256,SimpleCNNBaseline,9,0.9851778656126482,0.9881070366699702,0.9866402770905492,1009
314,HybridModel,0,0.9602385685884692,0.9857142857142858,0.972809667673716,980
314,HybridModel,1,0.9858532272325375,0.9823788546255506,0.9841129744042365,1135
314,HybridModel,2,0.9665354330708661,0.9515503875968992,0.958984375,1032
314,HybridModel,3,0.9464285714285714,0.9445544554455445,0.9454905847373637,1010
314,HybridModel,4,0.9524301964839711,0.9378818737270875,0.9451000513083633,982
314,HybridModel,5,0.9133261105092091,0.945067264573991,0.9289256198347108,892
314,HybridModel,6,0.9735729386892178,0.9613778705636743,0.967436974789916,958
314,HybridModel,7,0.9599217986314761,0.9552529182879378,0.9575816674792784,1028
314,HybridModel,8,0.9192422731804586,0.946611909650924,0.9327263530601922,974
314,HybridModel,9,0.9498464687819856,0.9197224975222993,0.9345417925478349,1009
314,ClassicalEquivalentModel,0,0.9697885196374623,0.9826530612244898,0.9761784085149519,980
314,ClassicalEquivalentModel,1,0.9814487632508834,0.9788546255506608,0.9801499779444199,1135
314,ClassicalEquivalentModel,2,0.9683481701285855,0.9486434108527132,0.9583945178658835,1032
314,ClassicalEquivalentModel,3,0.9265967588179218,0.9623762376237623,0.9441476444876153,1010
314,ClassicalEquivalentModel,4,0.9647887323943662,0.9765784114052953,0.9706477732793523,982
314,ClassicalEquivalentModel,5,0.9456398640996603,0.9360986547085202,0.9408450704225352,892
314,ClassicalEquivalentModel,6,0.9438202247191011,0.964509394572025,0.9540526587506454,958
314,ClassicalEquivalentModel,7,0.9676470588235294,0.9601167315175098,0.9638671875,1028
314,ClassicalEquivalentModel,8,0.9572471324296142,0.9425051334702259,0.9498189342990171,974
314,ClassicalEquivalentModel,9,0.9653061224489796,0.9375619425173439,0.9512317747611865,1009
314,SimpleCNNBaseline,0,0.9908536585365854,0.9948979591836735,0.9928716904276986,980
314,SimpleCNNBaseline,1,0.993859649122807,0.9982378854625551,0.996043956043956,1135
314,SimpleCNNBaseline,2,0.9951171875,0.9874031007751938,0.9912451361867705,1032
314,SimpleCNNBaseline,3,0.9940298507462687,0.9891089108910891,0.9915632754342432,1010
314,SimpleCNNBaseline,4,0.9838872104733132,0.994908350305499,0.9893670886075949,982
314,SimpleCNNBaseline,5,0.9757442116868799,0.992152466367713,0.9838799332962757,892
314,SimpleCNNBaseline,6,0.9916230366492147,0.988517745302714,0.9900679560899112,958
314,SimpleCNNBaseline,7,0.9817307692307692,0.9931906614785992,0.9874274661508704,1028
314,SimpleCNNBaseline,8,0.9948024948024948,0.9825462012320328,0.9886363636363636,974
314,SimpleCNNBaseline,9,0.990909090909091,0.9722497522299306,0.9814907453726863,1009
512,HybridModel,0,0.963,0.9826530612244898,0.9727272727272728,980
512,HybridModel,1,0.9754816112084063,0.9814977973568282,0.9784804567413263,1135
512,HybridModel,2,0.9329556185080264,0.9573643410852714,0.9450023912003825,1032
512,HybridModel,3,0.9212523719165086,0.9613861386138614,0.9408914728682171,1010
512,HybridModel,4,0.9480122324159022,0.9470468431771895,0.9475292919001528,982
512,HybridModel,5,0.9705159705159705,0.8856502242152466,0.9261430246189918,892
512,HybridModel,6,0.9521331945889698,0.9551148225469729,0.9536216779572694,958
512,HybridModel,7,0.9651046859421735,0.9416342412451362,0.9532250123092073,1028
512,HybridModel,8,0.9290780141843972,0.9414784394250514,0.9352371239163692,974
512,HybridModel,9,0.9309309309309309,0.9217046580773043,0.9262948207171314,1009
512,ClassicalEquivalentModel,0,0.9630738522954092,0.9846938775510204,0.9737638748738647,980
512,ClassicalEquivalentModel,1,0.9815465729349736,0.9841409691629956,0.9828420589529256,1135
512,ClassicalEquivalentModel,2,0.9697560975609756,0.9631782945736435,0.966456003889159,1032
512,ClassicalEquivalentModel,3,0.9592039800995025,0.9544554455445544,0.9568238213399504,1010
512,ClassicalEquivalentModel,4,0.953204476093591,0.9541751527494908,0.9536895674300254,982
512,ClassicalEquivalentModel,5,0.9548088064889919,0.9237668161434978,0.9390313390313391,892
512,ClassicalEquivalentModel,6,0.9501525940996948,0.9749478079331941,0.9623905203503349,958
512,ClassicalEquivalentModel,7,0.9756838905775076,0.9367704280155642,0.9558312655086849,1028
512,ClassicalEquivalentModel,8,0.9098837209302325,0.9640657084188912,0.9361914257228315,974
512,ClassicalEquivalentModel,9,0.9541751527494908,0.9286422200198216,0.9412355600200905,1009
512,SimpleCNNBaseline,0,0.9928716904276986,0.9948979591836735,0.9938837920489296,980
512,SimpleCNNBaseline,1,0.9947322212467077,0.9982378854625551,0.9964819700967458,1135
512,SimpleCNNBaseline,2,0.9818355640535373,0.9951550387596899,0.9884504331087585,1032
512,SimpleCNNBaseline,3,0.9786407766990292,0.998019801980198,0.9882352941176471,1010
512,SimpleCNNBaseline,4,0.9928716904276986,0.9928716904276986,0.9928716904276986,982
512,SimpleCNNBaseline,5,0.9943310657596371,0.9831838565022422,0.9887260428410372,892
512,SimpleCNNBaseline,6,0.9916579770594369,0.9926931106471816,0.9921752738654147,958
512,SimpleCNNBaseline,7,0.9911330049261083,0.9785992217898832,0.9848262359275575,1028
512,SimpleCNNBaseline,8,0.994824016563147,0.9866529774127311,0.9907216494845361,974
512,SimpleCNNBaseline,9,0.993993993993994,0.9841427155599604,0.9890438247011952,1009
777,HybridModel,0,0.9562624254473161,0.9816326530612245,0.9687814702920443,980
777,HybridModel,1,0.9688581314878892,0.986784140969163,0.9777389786119598,1135
777,HybridModel,2,0.9230769230769231,0.9418604651162791,0.9323741007194245,1032
777,HybridModel,3,0.9273797841020608,0.9356435643564357,0.9314933464760966,1010
777,HybridModel,4,0.9303482587064676,0.9521384928716904,0.9411172622043281,982
777,HybridModel,5,0.9496402877697842,0.8878923766816144,0.9177288528389339,892
777,HybridModel,6,0.9536082474226805,0.965553235908142,0.9595435684647303,958
777,HybridModel,7,0.9381642512077295,0.9445525291828794,0.9413475521085798,1028
777,HybridModel,8,0.9287925696594427,0.9240246406570842,0.9264024704065877,974
777,HybridModel,9,0.9538300104931794,0.9008919722497523,0.926605504587156,1009
777,ClassicalEquivalentModel,0,0.958498023715415,0.9897959183673469,0.9738955823293173,980
777,ClassicalEquivalentModel,1,0.9850877192982456,0.9894273127753304,0.9872527472527473,1135
777,ClassicalEquivalentModel,2,0.9587727708533078,0.9689922480620154,0.963855421686747,1032
777,ClassicalEquivalentModel,3,0.9616548940464178,0.9435643564356435,0.9525237381309345,1010
777,ClassicalEquivalentModel,4,0.9448897795591182,0.960285132382892,0.9525252525252526,982
777,ClassicalEquivalentModel,5,0.9347826086956522,0.9641255605381166,0.9492273730684326,892
777,ClassicalEquivalentModel,6,0.9489274770173647,0.9697286012526096,0.9592152813629323,958
777,ClassicalEquivalentModel,7,0.9616895874263262,0.9523346303501945,0.956989247311828,1028
777,ClassicalEquivalentModel,8,0.9691817215727949,0.9363449691991786,0.9524804177545692,974
777,ClassicalEquivalentModel,9,0.9634655532359081,0.9147670961347869,0.938485002541942,1009
777,SimpleCNNBaseline,0,0.9839034205231388,0.9979591836734694,0.9908814589665653,980
777,SimpleCNNBaseline,1,0.9938434476693052,0.9955947136563876,0.9947183098591549,1135
777,SimpleCNNBaseline,2,0.9884057971014493,0.9912790697674418,0.9898403483309144,1032
777,SimpleCNNBaseline,3,0.9950099800399201,0.9871287128712871,0.9910536779324056,1010
777,SimpleCNNBaseline,4,0.9828973843058351,0.994908350305499,0.9888663967611336,982
777,SimpleCNNBaseline,5,0.9833518312985572,0.9932735426008968,0.9882877858337981,892
777,SimpleCNNBaseline,6,0.9978700745473909,0.9780793319415448,0.9878755930416447,958
777,SimpleCNNBaseline,7,0.9874031007751938,0.9912451361867705,0.9893203883495145,1028
777,SimpleCNNBaseline,8,0.9846153846153847,0.9856262833675564,0.9851205746536685,974
777,SimpleCNNBaseline,9,0.9919273461150353,0.9742319127849356,0.983,1009
1001,HybridModel,0,0.9536945812807882,0.9877551020408163,0.9704260651629073,980
1001,HybridModel,1,0.9850352112676056,0.9859030837004406,0.9854689564068693,1135
1001,HybridModel,2,0.9560975609756097,0.9496124031007752,0.9528439474963539,1032
1001,HybridModel,3,0.9227836034318398,0.9584158415841584,0.9402622632345798,1010
1001,HybridModel,4,0.9294117647058824,0.9653767820773931,0.9470529470529471,982
1001,HybridModel,5,0.9574468085106383,0.9080717488789237,0.9321058688147296,892
1001,HybridModel,6,0.962303664921466,0.9592901878914405,0.9607945635128071,958
1001,HybridModel,7,0.964984552008239,0.9114785992217899,0.9374687343671836,1028
1001,HybridModel,8,0.9319796954314721,0.9425051334702259,0.9372128637059725,974
1001,HybridModel,9,0.9398797595190381,0.929633300297324,0.9347284504235177,1009
1001,ClassicalEquivalentModel,0,0.966933867735471,0.9846938775510204,0.9757330637007078,980
1001,ClassicalEquivalentModel,1,0.9798951048951049,0.9876651982378855,0.98376480912681,1135
1001,ClassicalEquivalentModel,2,0.9831516352824579,0.9612403100775194,0.9720725134737873,1032
1001,ClassicalEquivalentModel,3,0.9642857142857143,0.9623762376237623,0.9633300297324083,1010
1001,ClassicalEquivalentModel,4,0.9385365853658536,0.9796334012219959,0.9586447433981067,982
1001,ClassicalEquivalentModel,5,0.9574468085106383,0.9585201793721974,0.957983193277311,892
1001,ClassicalEquivalentModel,6,0.9770114942528736,0.975991649269311,0.9765013054830287,958
1001,ClassicalEquivalentModel,7,0.96484375,0.9610894941634242,0.9629629629629629,1028
1001,ClassicalEquivalentModel,8,0.9524793388429752,0.946611909650924,0.9495365602471678,974
1001,ClassicalEquivalentModel,9,0.9609856262833676,0.9276511397423192,0.9440242057488654,1009
1001,SimpleCNNBaseline,0,0.9908536585365854,0.9948979591836735,0.9928716904276986,980
1001,SimpleCNNBaseline,1,0.9895287958115183,0.9991189427312775,0.9943007452871547,1135
1001,SimpleCNNBaseline,2,0.9903006789524733,0.9893410852713178,0.9898206495395055,1032
1001,SimpleCNNBaseline,3,0.9920398009950249,0.9871287128712871,0.9895781637717121,1010
1001,SimpleCNNBaseline,4,0.9819458375125376,0.9969450101832994,0.989388580090955,982
1001,SimpleCNNBaseline,5,0.9779005524861878,0.992152466367713,0.9849749582637729,892
1001,SimpleCNNBaseline,6,0.997874601487779,0.9801670146137788,0.9889415481832543,958
1001,SimpleCNNBaseline,7,0.990234375,0.9863813229571985,0.9883040935672515,1028
1001,SimpleCNNBaseline,8,0.9867075664621677,0.9907597535934292,0.9887295081967213,974
1001,SimpleCNNBaseline,9,0.993933265925177,0.9742319127849356,0.983983983983984,1009
2025,HybridModel,0,0.9619238476953907,0.9795918367346939,0.9706774519716885,980
2025,HybridModel,1,0.9771729587357331,0.9806167400881057,0.978891820580475,1135
2025,HybridModel,2,0.953170731707317,0.9467054263565892,0.9499270782693242,1032
2025,HybridModel,3,0.9419419419419419,0.9316831683168317,0.9367844698855152,1010
2025,HybridModel,4,0.9595435684647303,0.9419551934826884,0.9506680369989723,982
2025,HybridModel,5,0.918232044198895,0.9316143497757847,0.9248747913188647,892
2025,HybridModel,6,0.9761646803900325,0.9405010438413361,0.9580010632642212,958
2025,HybridModel,7,0.9497584541062802,0.9562256809338522,0.9529810954920019,1028
2025,HybridModel,8,0.9282828282828283,0.9435318275154004,0.9358452138492872,974
2025,HybridModel,9,0.9315068493150684,0.9435084241823588,0.9374692269817824,1009
2025,ClassicalEquivalentModel,0,0.9754350051177073,0.9724489795918367,0.9739397036280021,980
2025,ClassicalEquivalentModel,1,0.9832007073386384,0.9797356828193833,0.9814651368049426,1135
2025,ClassicalEquivalentModel,2,0.9485224022878932,0.9641472868217055,0.956271023546372,1032
2025,ClassicalEquivalentModel,3,0.9349282296650717,0.9673267326732673,0.9508515815085158,1010
2025,ClassicalEquivalentModel,4,0.9474216380182002,0.9541751527494908,0.9507864028411973,982
2025,ClassicalEquivalentModel,5,0.963572267920094,0.9192825112107623,0.9409064830751578,892
2025,ClassicalEquivalentModel,6,0.9784250269687162,0.9467640918580376,0.9623342175066313,958
2025,ClassicalEquivalentModel,7,0.9297752808988764,0.9659533073929961,0.9475190839694656,1028
2025,ClassicalEquivalentModel,8,0.964248159831756,0.9414784394250514,0.9527272727272728,974
2025,ClassicalEquivalentModel,9,0.9258893280632411,0.9286422200198216,0.9272637308263236,1009
2025,SimpleCNNBaseline,0,0.9959141981613892,0.9948979591836735,0.9954058192955589,980
2025,SimpleCNNBaseline,1,0.9938488576449912,0.9964757709251101,0.9951605807303123,1135
2025,SimpleCNNBaseline,2,0.9921722113502935,0.9825581395348837,0.9873417721518988,1032
2025,SimpleCNNBaseline,3,0.9960199004975124,0.9910891089108911,0.9935483870967742,1010
2025,SimpleCNNBaseline,4,0.9809045226130654,0.9938900203665988,0.9873545776428932,982
2025,SimpleCNNBaseline,5,0.9855555555555555,0.9943946188340808,0.9899553571428571,892
2025,SimpleCNNBaseline,6,0.9968287526427061,0.9843423799582464,0.990546218487395,958
2025,SimpleCNNBaseline,7,0.9902629016553067,0.9892996108949417,0.9897810218978103,1028
2025,SimpleCNNBaseline,8,0.9807692307692307,0.9948665297741273,0.9877675840978594,974
2025,SimpleCNNBaseline,9,0.99,0.981169474727453,0.9855649576903932,1009
