seed,hybrid_test_accuracy,classical_test_accuracy,difference_h_minus_c,hybrid_val_accuracy,classical_val_accuracy,hybrid_time_sec,classical_time_sec,hybrid_total_params,classical_total_params,hybrid_middle_params,classical_middle_params,hybrid_encoder_grad_norm_first_batch,cnn_test_accuracy,cnn_val_accuracy,cnn_time_sec,cnn_total_params,cnn_macro_f1,cnn_best_epoch,cnn_epochs_ran,hybrid_minus_classical_pp,hybrid_minus_cnn_pp,classical_minus_cnn_pp
7,0.9442,0.9626,-0.0183999999999999,0.9388333333333332,0.9586666666666668,799.98,128.26,50946,50922,96,72,0.2805853935161636,0.9896,0.989,307.8547604084015,105866,0.9894979795380945,10,14,-1.8399999999999972,-4.539999999999999,-2.7000000000000024
11,0.9465,0.9505,-0.004,0.9433333333333334,0.9436666666666668,799.17,129.53,50946,50922,96,72,0.3626254638318731,0.99,0.989,216.14960980415344,105866,0.9898941661378803,7,11,-0.40000000000000036,-4.349999999999998,-3.949999999999998
17,0.9466,0.9615,-0.0149,0.9393333333333334,0.9595,798.59,128.79,50946,50922,96,72,0.3348071875911482,0.9893,0.9895,298.6529312133789,105866,0.9891820255737225,11,15,-1.4900000000000024,-4.269999999999996,-2.7799999999999936
31,0.948,0.9616,-0.0136,0.9433333333333334,0.954,797.94,119.84,50946,50922,96,72,0.2670483774780404,0.9895,0.9883333333333333,179.866760969162,105866,0.9894114062535186,5,9,-1.3600000000000056,-4.150000000000009,-2.7900000000000036
73,0.9458,0.9614,-0.0156,0.9403333333333334,0.9583333333333334,799.35,128.69,50946,50922,96,72,0.3917236395735129,0.9877,0.9886666666666667,254.51686000823975,105866,0.987603683655108,9,13,-1.5600000000000058,-4.190000000000005,-2.629999999999999
99,0.9429,0.9583,-0.0154,0.9328333333333332,0.9543333333333334,799.2,128.69,50946,50922,96,72,0.3441329922699703,0.9884,0.9888333333333333,215.74815964698792,105866,0.9882829801189039,7,11,-1.540000000000008,-4.549999999999999,-3.0099999999999905
256,0.9474,0.9624,-0.015,0.942,0.9558333333333332,798.54,128.32,50946,50922,96,72,0.5465982314735641,0.9898,0.9885,296.4150278568268,105866,0.9897586955855117,14,15,-1.5000000000000013,-4.239999999999999,-2.739999999999998
314,0.9534,0.9594,-0.006,0.951,0.9536666666666668,797.96,119.85,50946,50922,96,72,0.2219087972376204,0.9894,0.9875,275.52878403663635,105866,0.9892593611246371,10,14,-0.6000000000000005,-3.599999999999992,-2.9999999999999916
512,0.9486,0.9574,-0.0088,0.9426666666666668,0.9518333333333332,802.77,130.45,50946,50922,96,72,0.2778680853210933,0.9906,0.9888333333333333,214.34140706062317,105866,0.9905416206619521,7,11,-0.880000000000003,-4.200000000000004,-3.3200000000000007
777,0.9431,0.9592,-0.0161,0.9385,0.96,802.06,130.58,50946,50922,96,72,0.6739267498208948,0.989,0.9883333333333333,212.86788082122803,105866,0.9888964533728801,6,10,-1.6100000000000003,-4.5899999999999945,-2.9799999999999938
1001,0.9505,0.9648,-0.0142999999999999,0.9451666666666668,0.9576666666666668,799.0,130.44,50946,50922,96,72,0.4394295750374285,0.9892,0.9888333333333333,197.52448916435242,105866,0.989089392131201,6,10,-1.429999999999998,-3.8699999999999957,-2.4399999999999977
2025,0.9502,0.9548,-0.0045999999999999,0.9405,0.955,799.11,112.58,50946,50922,96,72,0.2181167734136707,0.9903,0.9881666666666666,256.0820679664612,105866,0.9902426276233752,9,13,-0.45999999999999375,-4.009999999999991,-3.5499999999999976
