run_name,seed,split_seed,n_qubits,n_layers,entangler,encoding,encoder_hidden_dim,batch_size,learning_rate,epochs,val_split,early_stopping_patience,device,data_dir,checkpoint_dir,results_dir,results_csv,enforce_encoder_gradient,phase,model_type,selection_metric_source,val_accuracy,val_loss,test_accuracy,best_epoch,epochs_ran,first_encoder_grad_norm,training_time_sec,encoder_params,middle_params,classifier_params,n_trainable_params
coarse_q4_l2_basic_angle_seed42,42,2026,4,2,basic,angle,64,64,0.001,6,0.1,4,cpu,./data,./checkpoints_final_corregido,./results_final_corregido,./results_final_corregido/experiments_final_corregido.csv,True,coarse,hybrid,validation,0.9085,0.4412897488276163,,6,6,1.7629534071436226,111.81,50500,8,50,50558
coarse_q4_l3_basic_angle_seed42,42,2026,4,3,basic,angle,64,64,0.001,6,0.1,4,cpu,./data,./checkpoints_final_corregido,./results_final_corregido,./results_final_corregido/experiments_final_corregido.csv,True,coarse,hybrid,validation,0.894,0.5066218988100688,,6,6,1.4412969617098337,116.93,50500,12,50,50562
coarse_q4_l4_basic_angle_seed42,42,2026,4,4,basic,angle,64,64,0.001,6,0.1,4,cpu,./data,./checkpoints_final_corregido,./results_final_corregido,./results_final_corregido/experiments_final_corregido.csv,True,coarse,hybrid,validation,0.9311666666666668,0.2887769638697306,,6,6,0.7671763800325728,127.61,50500,16,50,50566
coarse_q6_l2_basic_angle_seed42,42,2026,6,2,basic,angle,64,64,0.001,6,0.1,4,cpu,./data,./checkpoints_final_corregido,./results_final_corregido,./results_final_corregido/experiments_final_corregido.csv,True,coarse,hybrid,validation,0.9066666666666666,0.4045511792500814,,6,6,0.6816200872185546,134.86,50630,12,70,50712
coarse_q6_l3_basic_angle_seed42,42,2026,6,3,basic,angle,64,64,0.001,6,0.1,4,cpu,./data,./checkpoints_final_corregido,./results_final_corregido,./results_final_corregido/experiments_final_corregido.csv,True,coarse,hybrid,validation,0.8691666666666666,0.4629194229443868,,6,6,0.7578875035106747,157.29,50630,18,70,50718
coarse_q6_l4_basic_angle_seed42,42,2026,6,4,basic,angle,64,64,0.001,6,0.1,4,cpu,./data,./checkpoints_final_corregido,./results_final_corregido,./results_final_corregido/experiments_final_corregido.csv,True,coarse,hybrid,validation,0.8968333333333334,0.3784221041202545,,6,6,0.6938522922258981,178.39,50630,24,70,50724
coarse_q8_l2_basic_angle_seed42,42,2026,8,2,basic,angle,64,64,0.001,6,0.1,4,cpu,./data,./checkpoints_final_corregido,./results_final_corregido,./results_final_corregido/experiments_final_corregido.csv,True,coarse,hybrid,validation,0.9123333333333332,0.3775214786529541,,6,6,0.1990108899834606,206.03,50760,16,90,50866
coarse_q8_l3_basic_angle_seed42,42,2026,8,3,basic,angle,64,64,0.001,6,0.1,4,cpu,./data,./checkpoints_final_corregido,./results_final_corregido,./results_final_corregido/experiments_final_corregido.csv,True,coarse,hybrid,validation,0.9091666666666668,0.3695791536172231,,6,6,0.220170668395176,245.93,50760,24,90,50874
coarse_q8_l4_basic_angle_seed42,42,2026,8,4,basic,angle,64,64,0.001,6,0.1,4,cpu,./data,./checkpoints_final_corregido,./results_final_corregido,./results_final_corregido/experiments_final_corregido.csv,True,coarse,hybrid,validation,0.9143333333333332,0.4094131846427917,,6,6,0.2024786146730605,286.2,50760,32,90,50882
refine_q4_l4_basic_angle_seed42,42,2026,4,4,basic,angle,64,64,0.001,10,0.1,4,cpu,./data,./checkpoints_final_corregido,./results_final_corregido,./results_final_corregido/experiments_final_corregido.csv,True,refine,hybrid,validation,0.9366666666666666,0.2579205048481623,,9,10,0.7671763800325728,213.48,50500,16,50,50566
refine_q4_l4_basic_angle_seed123,123,2026,4,4,basic,angle,64,64,0.001,10,0.1,4,cpu,./data,./checkpoints_final_corregido,./results_final_corregido,./results_final_corregido/experiments_final_corregido.csv,True,refine,hybrid,validation,0.9335,0.2527689631779988,,9,10,1.2589197291681138,212.32,50500,16,50,50566
refine_q4_l4_basic_angle_seed2024,2024,2026,4,4,basic,angle,64,64,0.001,10,0.1,4,cpu,./data,./checkpoints_final_corregido,./results_final_corregido,./results_final_corregido/experiments_final_corregido.csv,True,refine,hybrid,validation,0.9018333333333334,0.3592358294328053,,9,10,1.1030830106033125,213.5,50500,16,50,50566
refine_q8_l4_basic_angle_seed42,42,2026,8,4,basic,angle,64,64,0.001,10,0.1,4,cpu,./data,./checkpoints_final_corregido,./results_final_corregido,./results_final_corregido/experiments_final_corregido.csv,True,refine,hybrid,validation,0.9288333333333332,0.3096274759769439,,10,10,0.2024786146730605,478.84,50760,32,90,50882
refine_q8_l4_basic_angle_seed123,123,2026,8,4,basic,angle,64,64,0.001,10,0.1,4,cpu,./data,./checkpoints_final_corregido,./results_final_corregido,./results_final_corregido/experiments_final_corregido.csv,True,refine,hybrid,validation,0.9371666666666668,0.2413311662276586,,10,10,0.263987007022264,479.68,50760,32,90,50882
refine_q8_l4_basic_angle_seed2024,2024,2026,8,4,basic,angle,64,64,0.001,10,0.1,4,cpu,./data,./checkpoints_final_corregido,./results_final_corregido,./results_final_corregido/experiments_final_corregido.csv,True,refine,hybrid,validation,0.9213333333333332,0.299581527630488,,10,10,0.3470536938533793,479.97,50760,32,90,50882
refine_q8_l2_basic_angle_seed42,42,2026,8,2,basic,angle,64,64,0.001,10,0.1,4,cpu,./data,./checkpoints_final_corregido,./results_final_corregido,./results_final_corregido/experiments_final_corregido.csv,True,refine,hybrid,validation,0.9243333333333332,0.3110656116008758,,10,10,0.1990108899834606,340.92,50760,16,90,50866
refine_q8_l2_basic_angle_seed123,123,2026,8,2,basic,angle,64,64,0.001,10,0.1,4,cpu,./data,./checkpoints_final_corregido,./results_final_corregido,./results_final_corregido/experiments_final_corregido.csv,True,refine,hybrid,validation,0.9123333333333332,0.3481733370621999,,10,10,0.4368067710349168,343.7,50760,16,90,50866
refine_q8_l2_basic_angle_seed2024,2024,2026,8,2,basic,angle,64,64,0.001,10,0.1,4,cpu,./data,./checkpoints_final_corregido,./results_final_corregido,./results_final_corregido/experiments_final_corregido.csv,True,refine,hybrid,validation,0.9241666666666668,0.3404790789286295,,10,10,0.2751756556397504,343.2,50760,16,90,50866
entangler_basic_q8_l4_angle_seed42,42,2026,8,4,basic,angle,64,64,0.001,15,0.1,4,cpu,./data,./checkpoints_final_corregido,./results_final_corregido,./results_final_corregido/experiments_final_corregido.csv,True,entangler,hybrid,validation,0.9341666666666668,0.275370042959849,,15,15,0.2024786146730605,727.3,50760,32,90,50882
entangler_basic_q8_l4_angle_seed123,123,2026,8,4,basic,angle,64,64,0.001,15,0.1,4,cpu,./data,./checkpoints_final_corregido,./results_final_corregido,./results_final_corregido/experiments_final_corregido.csv,True,entangler,hybrid,validation,0.9395,0.2314038536548614,,13,15,0.263987007022264,724.71,50760,32,90,50882
entangler_basic_q8_l4_angle_seed2024,2024,2026,8,4,basic,angle,64,64,0.001,15,0.1,4,cpu,./data,./checkpoints_final_corregido,./results_final_corregido,./results_final_corregido/experiments_final_corregido.csv,True,entangler,hybrid,validation,0.9301666666666668,0.2706454335053762,,12,15,0.3470536938533793,720.54,50760,32,90,50882
entangler_strong_q8_l4_angle_seed42,42,2026,8,4,strong,angle,64,64,0.001,15,0.1,4,cpu,./data,./checkpoints_final_corregido,./results_final_corregido,./results_final_corregido/experiments_final_corregido.csv,True,entangler,hybrid,validation,0.942,0.2332802993853887,,13,15,0.2866695323800571,922.29,50760,96,90,50946
entangler_strong_q8_l4_angle_seed123,123,2026,8,4,strong,angle,64,64,0.001,15,0.1,4,cpu,./data,./checkpoints_final_corregido,./results_final_corregido,./results_final_corregido/experiments_final_corregido.csv,True,entangler,hybrid,validation,0.9391666666666668,0.2361025355656941,,13,15,0.3843461804001772,923.26,50760,96,90,50946
entangler_strong_q8_l4_angle_seed2024,2024,2026,8,4,strong,angle,64,64,0.001,15,0.1,4,cpu,./data,./checkpoints_final_corregido,./results_final_corregido,./results_final_corregido/experiments_final_corregido.csv,True,entangler,hybrid,validation,0.9341666666666668,0.2404592370192209,,14,15,0.4285707577560224,925.61,50760,96,90,50946
encoding_angle_q8_l4_strong_seed42,42,2026,8,4,strong,angle,64,64,0.001,15,0.1,4,cpu,./data,./checkpoints_final_corregido,./results_final_corregido,./results_final_corregido/experiments_final_corregido.csv,True,encoding,hybrid,validation,0.942,0.2332802993853887,,13,15,0.2866695323800571,923.88,50760,96,90,50946
encoding_angle_q8_l4_strong_seed123,123,2026,8,4,strong,angle,64,64,0.001,15,0.1,4,cpu,./data,./checkpoints_final_corregido,./results_final_corregido,./results_final_corregido/experiments_final_corregido.csv,True,encoding,hybrid,validation,0.9391666666666668,0.2361025355656941,,13,15,0.3843461804001772,922.34,50760,96,90,50946
encoding_angle_q8_l4_strong_seed2024,2024,2026,8,4,strong,angle,64,64,0.001,15,0.1,4,cpu,./data,./checkpoints_final_corregido,./results_final_corregido,./results_final_corregido/experiments_final_corregido.csv,True,encoding,hybrid,validation,0.9341666666666668,0.2404592370192209,,14,15,0.4285707577560224,923.06,50760,96,90,50946
encoding_amplitude_q8_l4_strong_seed42,42,2026,8,4,strong,amplitude,64,64,0.001,15,0.1,4,cpu,./data,./checkpoints_final_corregido,./results_final_corregido,./results_final_corregido/experiments_final_corregido.csv,True,encoding,hybrid,validation,0.9435,0.2163996971050898,,14,15,0.263621970538111,802.17,50760,96,90,50946
encoding_amplitude_q8_l4_strong_seed123,123,2026,8,4,strong,amplitude,64,64,0.001,15,0.1,4,cpu,./data,./checkpoints_final_corregido,./results_final_corregido,./results_final_corregido/experiments_final_corregido.csv,True,encoding,hybrid,validation,0.9311666666666668,0.2699635216792425,,14,15,0.2354039248275071,801.55,50760,96,90,50946
encoding_amplitude_q8_l4_strong_seed2024,2024,2026,8,4,strong,amplitude,64,64,0.001,15,0.1,4,cpu,./data,./checkpoints_final_corregido,./results_final_corregido,./results_final_corregido/experiments_final_corregido.csv,True,encoding,hybrid,validation,0.9458333333333332,0.211483118434747,,14,15,0.6429043405313802,800.4,50760,96,90,50946
hparam_lr0.001_bs64_seed42,42,2026,8,4,strong,amplitude,64,64,0.001,8,0.1,4,cpu,./data,./checkpoints_final_corregido,./results_final_corregido,./results_final_corregido/experiments_final_corregido.csv,True,training_hparams,hybrid,validation,0.9351666666666668,0.2562619892756144,,8,8,0.263621970538111,427.04,50760,96,90,50946
hparam_lr0.001_bs64_seed123,123,2026,8,4,strong,amplitude,64,64,0.001,8,0.1,4,cpu,./data,./checkpoints_final_corregido,./results_final_corregido,./results_final_corregido/experiments_final_corregido.csv,True,training_hparams,hybrid,validation,0.924,0.2990806982517242,,8,8,0.2354039248275071,426.75,50760,96,90,50946
hparam_lr0.001_bs64_seed2024,2024,2026,8,4,strong,amplitude,64,64,0.001,8,0.1,4,cpu,./data,./checkpoints_final_corregido,./results_final_corregido,./results_final_corregido/experiments_final_corregido.csv,True,training_hparams,hybrid,validation,0.9385,0.2520832905769348,,7,8,0.6429043405313802,426.47,50760,96,90,50946
hparam_lr0.001_bs128_seed42,42,2026,8,4,strong,amplitude,64,128,0.001,8,0.1,4,cpu,./data,./checkpoints_final_corregido,./results_final_corregido,./results_final_corregido/experiments_final_corregido.csv,True,training_hparams,hybrid,validation,0.9326666666666666,0.2894096138477325,,8,8,0.193204335941073,283.36,50760,96,90,50946
hparam_lr0.001_bs128_seed123,123,2026,8,4,strong,amplitude,64,128,0.001,8,0.1,4,cpu,./data,./checkpoints_final_corregido,./results_final_corregido,./results_final_corregido/experiments_final_corregido.csv,True,training_hparams,hybrid,validation,0.9308333333333332,0.289950382788976,,8,8,0.2498816276085885,282.62,50760,96,90,50946
hparam_lr0.001_bs128_seed2024,2024,2026,8,4,strong,amplitude,64,128,0.001,8,0.1,4,cpu,./data,./checkpoints_final_corregido,./results_final_corregido,./results_final_corregido/experiments_final_corregido.csv,True,training_hparams,hybrid,validation,0.9278333333333332,0.3053257853984832,,8,8,0.4715656610303245,282.89,50760,96,90,50946
hparam_lr0.0005_bs64_seed42,42,2026,8,4,strong,amplitude,64,64,0.0005,8,0.1,4,cpu,./data,./checkpoints_final_corregido,./results_final_corregido,./results_final_corregido/experiments_final_corregido.csv,True,training_hparams,hybrid,validation,0.9096666666666666,0.4252179434299469,,8,8,0.263621970538111,426.08,50760,96,90,50946
hparam_lr0.0005_bs64_seed123,123,2026,8,4,strong,amplitude,64,64,0.0005,8,0.1,4,cpu,./data,./checkpoints_final_corregido,./results_final_corregido,./results_final_corregido/experiments_final_corregido.csv,True,training_hparams,hybrid,validation,0.9376666666666666,0.2682363835175832,,8,8,0.2354039248275071,426.39,50760,96,90,50946
hparam_lr0.0005_bs64_seed2024,2024,2026,8,4,strong,amplitude,64,64,0.0005,8,0.1,4,cpu,./data,./checkpoints_final_corregido,./results_final_corregido,./results_final_corregido/experiments_final_corregido.csv,True,training_hparams,hybrid,validation,0.9395,0.2789351302782694,,8,8,0.6429043405313802,425.92,50760,96,90,50946
hparam_lr0.0005_bs128_seed42,42,2026,8,4,strong,amplitude,64,128,0.0005,8,0.1,4,cpu,./data,./checkpoints_final_corregido,./results_final_corregido,./results_final_corregido/experiments_final_corregido.csv,True,training_hparams,hybrid,validation,0.913,0.446704036394755,,8,8,0.193204335941073,282.93,50760,96,90,50946
hparam_lr0.0005_bs128_seed123,123,2026,8,4,strong,amplitude,64,128,0.0005,8,0.1,4,cpu,./data,./checkpoints_final_corregido,./results_final_corregido,./results_final_corregido/experiments_final_corregido.csv,True,training_hparams,hybrid,validation,0.9316666666666666,0.4198706486225128,,8,8,0.2498816276085885,282.08,50760,96,90,50946
hparam_lr0.0005_bs128_seed2024,2024,2026,8,4,strong,amplitude,64,128,0.0005,8,0.1,4,cpu,./data,./checkpoints_final_corregido,./results_final_corregido,./results_final_corregido/experiments_final_corregido.csv,True,training_hparams,hybrid,validation,0.8566666666666667,0.4282591678301493,,8,8,0.4715656610303245,282.28,50760,96,90,50946
final_hybrid_seed7,7,2026,8,4,strong,amplitude,64,64,0.001,15,0.1,4,cpu,./data,./checkpoints_final_corregido,./results_final_corregido,./results_final_corregido/experiments_final_corregido.csv,True,final_test,hybrid,frozen_before_test,0.9388333333333332,0.2448520685036977,0.9442,15,15,0.2805853935161636,799.98,50760,96,90,50946
final_classical_seed7,7,2026,8,4,strong,amplitude,64,64,0.001,15,0.1,4,cpu,./data,./checkpoints_final_corregido,./results_final_corregido,./results_final_corregido/experiments_final_corregido.csv,True,final_test,classical_equivalent,frozen_before_test,0.9586666666666668,0.1587040550311406,0.9626,15,15,,128.26,50760,72,90,50922
final_hybrid_seed11,11,2026,8,4,strong,amplitude,64,64,0.001,15,0.1,4,cpu,./data,./checkpoints_final_corregido,./results_final_corregido,./results_final_corregido/experiments_final_corregido.csv,True,final_test,hybrid,frozen_before_test,0.9433333333333334,0.2316101805766423,0.9465,15,15,0.3626254638318731,799.17,50760,96,90,50946
final_classical_seed11,11,2026,8,4,strong,amplitude,64,64,0.001,15,0.1,4,cpu,./data,./checkpoints_final_corregido,./results_final_corregido,./results_final_corregido/experiments_final_corregido.csv,True,final_test,classical_equivalent,frozen_before_test,0.9436666666666668,0.2001451238393783,0.9505,13,15,,129.53,50760,72,90,50922
final_hybrid_seed17,17,2026,8,4,strong,amplitude,64,64,0.001,15,0.1,4,cpu,./data,./checkpoints_final_corregido,./results_final_corregido,./results_final_corregido/experiments_final_corregido.csv,True,final_test,hybrid,frozen_before_test,0.9393333333333334,0.2320776948928833,0.9466,13,15,0.3348071875911482,798.59,50760,96,90,50946
final_classical_seed17,17,2026,8,4,strong,amplitude,64,64,0.001,15,0.1,4,cpu,./data,./checkpoints_final_corregido,./results_final_corregido,./results_final_corregido/experiments_final_corregido.csv,True,final_test,classical_equivalent,frozen_before_test,0.9595,0.1584274399975935,0.9615,15,15,,128.79,50760,72,90,50922
final_hybrid_seed31,31,2026,8,4,strong,amplitude,64,64,0.001,15,0.1,4,cpu,./data,./checkpoints_final_corregido,./results_final_corregido,./results_final_corregido/experiments_final_corregido.csv,True,final_test,hybrid,frozen_before_test,0.9433333333333334,0.2167798194289207,0.948,14,15,0.2670483774780404,797.94,50760,96,90,50946
final_classical_seed31,31,2026,8,4,strong,amplitude,64,64,0.001,15,0.1,4,cpu,./data,./checkpoints_final_corregido,./results_final_corregido,./results_final_corregido/experiments_final_corregido.csv,True,final_test,classical_equivalent,frozen_before_test,0.954,0.1694885874787966,0.9616,10,14,,119.84,50760,72,90,50922
final_hybrid_seed73,73,2026,8,4,strong,amplitude,64,64,0.001,15,0.1,4,cpu,./data,./checkpoints_final_corregido,./results_final_corregido,./results_final_corregido/experiments_final_corregido.csv,True,final_test,hybrid,frozen_before_test,0.9403333333333334,0.2325614922444025,0.9458,15,15,0.3917236395735129,799.35,50760,96,90,50946
final_classical_seed73,73,2026,8,4,strong,amplitude,64,64,0.001,15,0.1,4,cpu,./data,./checkpoints_final_corregido,./results_final_corregido,./results_final_corregido/experiments_final_corregido.csv,True,final_test,classical_equivalent,frozen_before_test,0.9583333333333334,0.157162378291289,0.9614,14,15,,128.69,50760,72,90,50922
final_hybrid_seed99,99,2026,8,4,strong,amplitude,64,64,0.001,15,0.1,4,cpu,./data,./checkpoints_final_corregido,./results_final_corregido,./results_final_corregido/experiments_final_corregido.csv,True,final_test,hybrid,frozen_before_test,0.9328333333333332,0.2634487354358037,0.9429,12,15,0.3441329922699703,799.2,50760,96,90,50946
final_classical_seed99,99,2026,8,4,strong,amplitude,64,64,0.001,15,0.1,4,cpu,./data,./checkpoints_final_corregido,./results_final_corregido,./results_final_corregido/experiments_final_corregido.csv,True,final_test,classical_equivalent,frozen_before_test,0.9543333333333334,0.1703979477385679,0.9583,13,15,,128.69,50760,72,90,50922
final_hybrid_seed256,256,2026,8,4,strong,amplitude,64,64,0.001,15,0.1,4,cpu,./data,./checkpoints_final_corregido,./results_final_corregido,./results_final_corregido/experiments_final_corregido.csv,True,final_test,hybrid,frozen_before_test,0.942,0.2494336561759313,0.9474,15,15,0.5465982314735641,798.54,50760,96,90,50946
final_classical_seed256,256,2026,8,4,strong,amplitude,64,64,0.001,15,0.1,4,cpu,./data,./checkpoints_final_corregido,./results_final_corregido,./results_final_corregido/experiments_final_corregido.csv,True,final_test,classical_equivalent,frozen_before_test,0.9558333333333332,0.1663811151782671,0.9624,15,15,,128.32,50760,72,90,50922
final_hybrid_seed314,314,2026,8,4,strong,amplitude,64,64,0.001,15,0.1,4,cpu,./data,./checkpoints_final_corregido,./results_final_corregido,./results_final_corregido/experiments_final_corregido.csv,True,final_test,hybrid,frozen_before_test,0.951,0.1978763897418975,0.9534,14,15,0.2219087972376204,797.96,50760,96,90,50946
final_classical_seed314,314,2026,8,4,strong,amplitude,64,64,0.001,15,0.1,4,cpu,./data,./checkpoints_final_corregido,./results_final_corregido,./results_final_corregido/experiments_final_corregido.csv,True,final_test,classical_equivalent,frozen_before_test,0.9536666666666668,0.1805298398037751,0.9594,10,14,,119.85,50760,72,90,50922
final_hybrid_seed512,512,2026,8,4,strong,amplitude,64,64,0.001,15,0.1,4,cpu,./data,./checkpoints_final_corregido,./results_final_corregido,./results_final_corregido/experiments_final_corregido.csv,True,final_test,hybrid,frozen_before_test,0.9426666666666668,0.2243472238183021,0.9486,14,15,0.2778680853210933,802.77,50760,96,90,50946
final_classical_seed512,512,2026,8,4,strong,amplitude,64,64,0.001,15,0.1,4,cpu,./data,./checkpoints_final_corregido,./results_final_corregido,./results_final_corregido/experiments_final_corregido.csv,True,final_test,classical_equivalent,frozen_before_test,0.9518333333333332,0.1759392799139023,0.9574,11,15,,130.45,50760,72,90,50922
final_hybrid_seed777,777,2026,8,4,strong,amplitude,64,64,0.001,15,0.1,4,cpu,./data,./checkpoints_final_corregido,./results_final_corregido,./results_final_corregido/experiments_final_corregido.csv,True,final_test,hybrid,frozen_before_test,0.9385,0.2373405102888743,0.9431,15,15,0.6739267498208948,802.06,50760,96,90,50946
final_classical_seed777,777,2026,8,4,strong,amplitude,64,64,0.001,15,0.1,4,cpu,./data,./checkpoints_final_corregido,./results_final_corregido,./results_final_corregido/experiments_final_corregido.csv,True,final_test,classical_equivalent,frozen_before_test,0.96,0.149879753768444,0.9592,15,15,,130.58,50760,72,90,50922
final_hybrid_seed1001,1001,2026,8,4,strong,amplitude,64,64,0.001,15,0.1,4,cpu,./data,./checkpoints_final_corregido,./results_final_corregido,./results_final_corregido/experiments_final_corregido.csv,True,final_test,hybrid,frozen_before_test,0.9451666666666668,0.2102057135502497,0.9505,12,15,0.4394295750374285,799.0,50760,96,90,50946
final_classical_seed1001,1001,2026,8,4,strong,amplitude,64,64,0.001,15,0.1,4,cpu,./data,./checkpoints_final_corregido,./results_final_corregido,./results_final_corregido/experiments_final_corregido.csv,True,final_test,classical_equivalent,frozen_before_test,0.9576666666666668,0.160067641466856,0.9648,15,15,,130.44,50760,72,90,50922
final_hybrid_seed2025,2025,2026,8,4,strong,amplitude,64,64,0.001,15,0.1,4,cpu,./data,./checkpoints_final_corregido,./results_final_corregido,./results_final_corregido/experiments_final_corregido.csv,True,final_test,hybrid,frozen_before_test,0.9405,0.2312827533880869,0.9502,15,15,0.2181167734136707,799.11,50760,96,90,50946
final_classical_seed2025,2025,2026,8,4,strong,amplitude,64,64,0.001,15,0.1,4,cpu,./data,./checkpoints_final_corregido,./results_final_corregido,./results_final_corregido/experiments_final_corregido.csv,True,final_test,classical_equivalent,frozen_before_test,0.955,0.17478313487768174,0.9548,9,13,,112.58,50760,72,90,50922
