seed,hybrid_test_accuracy,classical_test_accuracy,difference_h_minus_c,hybrid_val_accuracy,classical_val_accuracy,hybrid_time_sec,classical_time_sec,hybrid_total_params,classical_total_params,hybrid_middle_params,classical_middle_params,hybrid_encoder_grad_norm_first_batch
7,0.9442,0.9626,-0.018399999999999972,0.9388333333333332,0.9586666666666668,799.98,128.26,50946,50922,96,72,0.2805853935161636
11,0.9465,0.9505,-0.0040000000000000036,0.9433333333333334,0.9436666666666668,799.17,129.53,50946,50922,96,72,0.3626254638318731
17,0.9466,0.9615,-0.014900000000000024,0.9393333333333334,0.9595,798.59,128.79,50946,50922,96,72,0.3348071875911482
31,0.948,0.9616,-0.013600000000000056,0.9433333333333334,0.954,797.94,119.84,50946,50922,96,72,0.2670483774780404
73,0.9458,0.9614,-0.015600000000000058,0.9403333333333334,0.9583333333333334,799.35,128.69,50946,50922,96,72,0.3917236395735129
99,0.9429,0.9583,-0.01540000000000008,0.9328333333333332,0.9543333333333334,799.2,128.69,50946,50922,96,72,0.3441329922699703
256,0.9474,0.9624,-0.015000000000000013,0.942,0.9558333333333332,798.54,128.32,50946,50922,96,72,0.5465982314735641
314,0.9534,0.9594,-0.006000000000000005,0.951,0.9536666666666668,797.96,119.85,50946,50922,96,72,0.2219087972376204
512,0.9486,0.9574,-0.00880000000000003,0.9426666666666668,0.9518333333333332,802.77,130.45,50946,50922,96,72,0.2778680853210933
777,0.9431,0.9592,-0.016100000000000003,0.9385,0.96,802.06,130.58,50946,50922,96,72,0.6739267498208948
1001,0.9505,0.9648,-0.01429999999999998,0.9451666666666668,0.9576666666666668,799.0,130.44,50946,50922,96,72,0.4394295750374285
2025,0.9502,0.9548,-0.0045999999999999375,0.9405,0.955,799.11,112.58,50946,50922,96,72,0.2181167734136707
