n_qubits,n_layers,val_accuracy,val_loss,training_time_sec
4,4,0.9311666666666667,0.2887769638697306,127.6088194847107
8,4,0.9143333333333333,0.40941318464279175,286.20137763023376
8,2,0.9123333333333333,0.3775214786529541,206.0338008403778
8,3,0.9091666666666667,0.3695791536172231,245.93101477622986
4,2,0.9085,0.44128974882761635,111.81015348434448
6,2,0.9066666666666666,0.4045511792500814,134.86431884765625
6,4,0.8968333333333334,0.3784221041202545,178.38956427574158
4,3,0.894,0.5066218988100688,116.9333655834198
6,3,0.8691666666666666,0.4629194229443868,157.28950095176697
